file,section,section_title,anselm_text,vulgate_book,chapter,verse,vulgate_text,method,allusion_type,ngram_score,llm_confidence,llm_explanation,similarity,verified,judge_reasoning
Monologion,3,"QUOD SIT QUAEDAM NATURA, PER QUAM EST, QUIDQUID EST, ET QUAE PER SE","cuncta quae sunt, sunt per ipsum unum",John,1,3,"Omnia per ipsum facta sunt: et sine ipso factum est nihil, quod factum est.",ngram+llm,thematic_echo,0,high,"The idea that everything that exists is through ‘that one’ reflects John 1:3’s claim that “by Him all things were made,” extending the Johannine Logos‑creation motif.",0.0744,True,
Monologion,6,"QUOD ILLA NON SIT ULLA IUVANTE CAUSA DUCTA AD ESSE, NEC TAMEN SIT",ex ipsa sint omnia quae sunt. Et quondam id quod,Wisdom,11,25,"Diligis enim omnia quae sunt, et nihil odisti eorum quae fecisti; nec enim odiens aliquid constituisti aut fecisti.",ngram,direct_quote,1,,,0.0361,True,
Monologion,6,"QUOD ILLA NON SIT ULLA IUVANTE CAUSA DUCTA AD ESSE, NEC TAMEN SIT","Quod enim non est, a quo faciente aut ex qua materia aut quibus adiumentis ad esse peruenerit: id uidetur aut esse nihil, aut si aliquid est, per nihil esse et ex nihilo.",Genesis,1,1,In principio creavit Deus caelum et terram.,llm,thematic_echo,0,high,Anselm’s discussion of something existing “ex nihilo” mirrors the biblical doctrine of creation out of nothing found in Genesis 1:1 (“In principio Deus creavit caelum et terram”).,0.0081,True,
Monologion,8,"QUOMODO INTELLIGENDUM SIT, QUIA FECIT OMNIA EX NIHILO.","sine omni repugnantia ea quae facta sunt a creatrice substantia,",Romans,1,20,"Invisibilia enim ipsius, a creatura mundi, per ea quae facta sunt, intellecta, conspiciuntur: sempiterna quoque ejus virtus, et divinitas: ita ut sint inexcusabiles.",ngram,direct_quote,1,,,0.0441,True,
Monologion,8,"QUOMODO INTELLIGENDUM SIT, QUIA FECIT OMNIA EX NIHILO.","nihil fit ex nihilo, sicut uox omnium est: quia de nihilo nihil.",John,1,3,"Omnia per ipsum facta sunt: et sine ipso factum est nihil, quod factum est.",llm,paraphrase,0,high,"Anselm re‑states John 1:3 (Vulgate: “sine ipso nihil factum est”) in his own words, asserting that nothing comes into being from nothing.",0.046,True,
Monologion,9,"QUOD EA QUAE FACTA SUNT DE NIHILO, NON NIHIL ERANT, ANTEQUAM","cogit, secundum quid ea quae facta sunt, antequam fierent, dici possint fuisse nihil. Nullo namque pacto fieri potest aliquid rationabiliter ab aliquo, nisi in facientis ratione praecedat aliquod rei faciendae quasi exemplum, siue aptius dicitur forma, uel similitudo, aut regula. Patet itaque, quoniam priusquam fierent uniuersa, erat in ratione summae naturae, quid aut qualia aut quomodo futura essent. Quare cum ea quae facta sunt, clarum sit nihil",Romans,1,20,"Invisibilia enim ipsius, a creatura mundi, per ea quae facta sunt, intellecta, conspiciuntur: sempiterna quoque ejus virtus, et divinitas: ita ut sint inexcusabiles.",ngram,direct_quote,2,,,0.0625,True,
Monologion,9,"QUOD EA QUAE FACTA SUNT DE NIHILO, NON NIHIL ERANT, ANTEQUAM",per quod et secundum quod fierent,John,1,3,"Omnia per ipsum facta sunt: et sine ipso factum est nihil, quod factum est.",llm,thematic_echo,0,high,"Anselm’s phrasing mirrors John 1:3’s wording “per quod omnia facta sunt, et sine ipso factum non est nihil,” directly linking the creative act to a rational cause.",0.0706,True,
Monologion,10,"QUOD ILLA RATIO SIT QUAEDAM RERUM LOCUTIO, SICUT FABER PRIUS APUD","SE DICIT, QUOD FACTURUS EST.",Genesis,1,3,Dixitque Deus: Fiat lux. Et facta est lux.,llm,thematic_echo,0,high,"Anselm’s formulation that “He says what He will do” mirrors the creation formula in Genesis 1:3 where God says “Let there be…”, indicating that divine speech precedes the act of creation.",0.0126,True,
Monologion,10,"QUOD ILLA RATIO SIT QUAEDAM RERUM LOCUTIO, SICUT FABER PRIUS APUD","non immerito uideri potest apud summam substantian, talem rerum locutionem et fuisse antequam essent ut per eam fierent, et esse cum facta sunt ut per eam sciantur.",John,1,1,"In principio erat Verbum, et Verbum erat apud Deum, et Deus erat Verbum.",llm,thematic_echo,0,high,The passage echoes John 1:1‑3 (“In the beginning was the Word… all things were made through Him”) by asserting that a “word‑like” locution existed before things and that things are known through it after they are made.,0.0168,True,
Monologion,11,QUOD TAMEN MULTA SIT IN HAC SIMILITUDINE DISSIMILITUDO.,"quasi dixisse cunctam creaturam, quam eam secundum eandem et per eandem suam intimam locutionem conderet",John,1,3,"Omnia per ipsum facta sunt: et sine ipso factum est nihil, quod factum est.",llm,paraphrase,0,high,"Anselm’s description of the whole creation being brought into being by the “intima locutio” (the intimate word) mirrors John 1:3 – “per ipsum facta sunt omnia, et sine ipso factum est nihil quod factum est.”",0.0455,True,
Monologion,12,QUOD HAEC SUMMAE ESSENTIAE LOCUTIO SIT SUMMA ESSENTIA.,"per suam intimam locutionem fecit, siue singula singulis uerbis, siue potius uno uerbo simul omnia dicendo",John,1,3,"Omnia per ipsum facta sunt: et sine ipso factum est nihil, quod factum est.",llm,paraphrase,0,high,"Anselm’s description of God creating through “his intimate speech, either word by word or by one word all at once” mirrors John 1:3 – “per ipsum facta sunt omnia” – the doctrine that all things were made through the Word.",0.0423,True,
Monologion,13,"QUOD, SICUT OMNIA PER SUMMAM ESSENTIAM FACTA SUNT,","non potest, nisi ut ea quae sunt facta uigeant per",1 Corinthians,1,28,"et ignobilia mundi, et contemptibilia elegit Deus, et ea quae non sunt, ut ea quae sunt destrueret:",ngram,direct_quote,1,,,0.075,True,
Monologion,13,"QUOD, SICUT OMNIA PER SUMMAM ESSENTIAM FACTA SUNT,","cuncta quae facta sunt, eodem ipso sustinente uigent et perseuerant esse",Hebrews,1,3,"qui cum sit splendor gloriae, et figura substantiae ejus, portansque omnia verbo virtutis suae, purgationem peccatorum faciens, sedet ad dexteram majestatis in excelsis:",llm,thematic_echo,0,high,"Anselm’s claim that all created things endure by the same sustaining being echoes Hebrews 1:3, which describes God as the one who “sustains all things by his powerful word.”",0.0211,True,
Monologion,13,"QUOD, SICUT OMNIA PER SUMMAM ESSENTIAM FACTA SUNT,",nihil factum est nisi per creatricem praesentem essentiam,John,1,3,"Omnia per ipsum facta sunt: et sine ipso factum est nihil, quod factum est.",llm,paraphrase,0,high,"The statement that nothing was made except through a present creator mirrors John 1:3 (and Colossians 1:16), which affirms that “all things were made by Him, and without Him was not anything made that was made.”",0.1467,True,
Monologion,14,"QUOD ILLA SIT IN OMNIBUS ET PER OMNIA, ET OMNIA SINT EX ILLA ET","Ubique igitur est et per omnia et in omnibus. At quondam absurdum est, ut scilicet, quemadmodum nullatenus aliquid creatum potest exire creantis et fouentis immensitatem, sic creans et fouens nequaquam ualeat aliquomodo excedere factorum uniuersitatem: liquet quondam ipsa est, quae cuncta alia portat et superat, claudit et penetrat. Si igitur haec illis quae superius sunt inuenta iungantur: eadem est, quae in omnibus est et per omnia, et ex qua et",Ephesians,4,6,"Unus Deus et Pater omnium, qui est super omnes, et per omnia, et in omnibus nobis.",ngram,direct_quote,4,,,0.0845,True,
Monologion,14,"QUOD ILLA SIT IN OMNIBUS ET PER OMNIA, ET OMNIA SINT EX ILLA ET",est et per omnia et in omnibus. At quondam absurdum,Colossians,3,11,"ubi non est gentilis et Judaeus, circumcisio et praeputium, Barbarus et Scytha, servus et liber: sed omnia, et in omnibus Christus.",ngram,direct_quote,1,,,0.0959,True,
Monologion,15,QUID POSSIT AUT NON POSSIT DICI DE ILLA SUBSTANTIALITER.,Melius est homini esse non aurum quam aurum,Proverbs,3,14,"Melior est acquisitio ejus negotiatione argenti, et auri primi et purissimi fructus ejus.",llm,paraphrase,0,high,"Anselm re‑states the proverb that wisdom (or the good) is better than gold; the Vulgate reads “Melius est sapientia quam aurum, et sapientia melior est quam argentum.”",0.0155,True,
Monologion,17,"QUOD ITA SIT SIMPLEX, UT OMNIA QUAE DE EIUS ESSENTIA DICI POSSUM,","quia quidquid est, per illa est, et illa quod sunt, per illud non sunt",John,1,3,"Omnia per ipsum facta sunt: et sine ipso factum est nihil, quod factum est.",llm,paraphrase,0,high,"Anselm’s formulation mirrors John 1:3 – “Omnia per ipsum facta sunt, et sine ipso factum est nihil quod factum est.” Both express that everything that exists does so through the one principle.",0.05,True,
Monologion,18,QUOD SIT SINE PRINCIPIO ET SINE FINE.,sine principio et sine fine est,Psalmus,90,2,,llm,thematic_echo,0,high,"The description of God as “without beginning and without end” parallels Psalm 90:2, which declares God’s eternity “aeternus … a saeculo et usque in saeculum”.",0.0,False,
Monologion,20,QUOD ILLA SIT IN OMNI LOCO ET TEMPORE.,nec incepit nec desinet esse,Revelation,1,8,"Ego sum alpha et omega, principium et finis, dicit Dominus Deus: qui est, et qui erat, et qui venturus est, omnipotens.",llm,thematic_echo,0,high,"The phrase “it neither began nor will cease to be” reflects Revelation 1:8, where Christ declares, “I am the Alpha and the Omega, the beginning and the end,” affirming eternal existence without beginning or end.",0.0155,True,
Monologion,20,QUOD ILLA SIT IN OMNI LOCO ET TEMPORE.,nullum bonum nec penitus aliquid est sine ea,Acts,17,28,"In ipso enim vivimus, et movemur, et sumus: sicut et quidam vestrorum poetarum dixerunt: Ipsius enim et genus sumus.",llm,thematic_echo,0,high,"Anselm’s assertion that nothing good or anything at all exists apart from the supreme nature parallels Acts 17:28, “In Him we live and move and have our being,” which teaches that all existence depends on God.",0.0236,True,
Monologion,21,QUOD IN NULLO SIT LOCO AUT TEMPORE.,"Quid est quod totum est in aliquo loco, nihil eius est quod non sit in ipso loco.",Actus Apostolorum,17,28,,llm,thematic_echo,0,high,"Anselm’s logical claim that a thing wholly present in one place cannot be elsewhere reflects Acts 17:28 (“In ipso enim vivimus, et movemur, et sumus”), which states that God is present in all places and all times.",0.0,False,
Monologion,24,QUOMODO MELIUS INTELLIGI POSSIT ESSE SEMPER QUAM IN OMNI TEMPORE.,sine principio et fine,1 Timothy,1,17,"Regi autem saeculorum immortali, invisibili, soli Deo honor et gloria in saecula saeculorum. Amen.",llm,paraphrase,0,high,"Anselm’s phrase mirrors 1 Tim 1,17 Vulgate “qui non habet initium, nec finem”, expressing God’s eternity as without beginning or end.",0.0221,True,
Monologion,25,QUOD NULLIS MUTABILIS SIT ACCIDENTIBUS.,"de summe incommutabili natura nihil potest dici, unde mutabilis possit intelligi",Malachi,3,6,"Ego enim Dominus, et non mutor: et vos filii Jacob, non estis consumpti.",llm,thematic_echo,0,high,"Anselm’s claim that the highest nature is immutable echoes Malachi 3:6 “Ego Dominus, non mutabor” (“I the LORD do not change”), a biblical affirmation of God’s unchangeability.",0.0098,True,
Monologion,28,"QUOD IDEM SPIRITUS SIMPLICITER SIT, ET CREATA ILLI COMPARATA NON",non est quod aliquando fuit aut non erit,Hebrews,13,8,"Jesus Christus heri, et hodie: ipse et in saecula.",llm,thematic_echo,0,high,"Anselm’s claim that the spirit “is not that which at some time was or will be” echoes Hebrews 13:8 (“Jesus Christ is the same yesterday and today and forever”), a biblical affirmation of divine immutability.",0.0185,True,
Monologion,28,"QUOD IDEM SPIRITUS SIMPLICITER SIT, ET CREATA ILLI COMPARATA NON",fuit vel erit sed simpliciter est,Exodus,3,14,"Dixit Deus ad Moysen: Ego sum qui sum. Ait: Sic dices filiis Israel: Qui est, misit me ad vos.",llm,thematic_echo,0,high,"The wording “was or will be, but simply is” parallels the divine self‑identification in Exodus 3:14 (“I am who I am”), stressing a simple, self‑existent being.",0.0237,True,
Monologion,29,"QUOD EIUS LOCUTIO IDIPSUM SIT QUOD IPSE, NEC TAMEN SINT DUO SED","Si enim ille nihil fecit nisi per seipsum, et quidquid ab eo factum est per illam est factum",John,1,3,"Omnia per ipsum facta sunt: et sine ipso factum est nihil, quod factum est.",llm,paraphrase,0,high,"Anselm re‑words the Vulgate formula “Omnia per ipsum facta sunt, et sine ipso factum est nihil quod factum est,” expressing that nothing is done apart from the supreme spirit itself.",0.0581,True,
Monologion,29,"QUOD EIUS LOCUTIO IDIPSUM SIT QUOD IPSE, NEC TAMEN SINT DUO SED",summum spiritum unum tantum esse,Deuteronomy,6,4,"Audi, Israel: Dominus Deus noster, Dominus unus est.",llm,thematic_echo,0,high,"The claim that the supreme spirit is “one only” echoes the Shema’s declaration “Dominus Deus noster, Dominus unus est” (the LORD our God is one).",0.0127,True,
Monologion,30,QUOD EADEM LOCUTIO NON CONSTET PLURIBUS VERBIS SED SIT UNUM,Non igitur constat pluribus uerbis sed est unum verbum per quod facta sunt omnia.,John,1,3,"Omnia per ipsum facta sunt: et sine ipso factum est nihil, quod factum est.",llm,paraphrase,0,high,Anselm re‑states the Johannine claim that the Logos (the Word) is the one through which all things were made (John 1:1‑3).,0.1346,True,
Monologion,31,QUOD IPSUM VERBUM NON SIT SIMILITUDO FACTORUM SED VERITAS,"Quid igitur tenendum est de verbo, quo dicuntur et per quod facta sunt omnia?",John,1,3,"Omnia per ipsum facta sunt: et sine ipso factum est nihil, quod factum est.",ngram+llm,paraphrase,1,high,"Anselm’s phrase mirrors John 1:3 (Vulgate: “Omnia per ipsum facta sunt, et sine ipso factum est nihil quod factum est”), re‑phrasing the biblical claim that all things were made through the Word.",0.0392,True,
Monologion,32,QUOD SUMMUS SPIRITUS SEIPSUM DICAT COAETERNO VERBO.,"si aeterne se dicit, aeterne est uerbum eius apud ipsum.",John,1,1,"In principio erat Verbum, et Verbum erat apud Deum, et Deus erat Verbum.",llm,thematic_echo,0,high,Anselm’s claim that the eternal self‑statement makes the Word itself eternal mirrors John 1:1 – “In principio erat Verbum… et Verbum erat apud Deum”. The passage uses the same concept of the Word’s co‑eternity with God.,0.0247,True,
Monologion,33,QUOD UNO VERBO DICAT SE ET QUOD FECIT.,"Sed ecce quaerenti mihi de uerbo quo creator dicit omnia quae fecit, obtulit se uerbum quo seipsum dicit, qui omnia fecit.",John,1,1,"In principio erat Verbum, et Verbum erat apud Deum, et Deus erat Verbum.",llm,paraphrase,0,high,"Anselm reformulates John 1:1‑3 (In principio erat Verbum… omnia per ipsum facta sunt) by speaking of the ""verbum"" of the Creator that ""dicit omnia quae fecit"".",0.0133,True,
Monologion,33,QUOD UNO VERBO DICAT SE ET QUOD FECIT.,"Sed ecce quaerenti mihi de uerbo quo creator dicit omnia quae fecit, obtulit se uerbum quo seipsum dicit, qui omnia fecit.",Genesis,1,3,Dixitque Deus: Fiat lux. Et facta est lux.,llm,thematic_echo,0,high,"The passage echoes Genesis 1:3 where God says ""Et vidit Deus quod bonum esset"" after creating, stressing that the Creator’s word brings all things into being.",0.0133,True,
Monologion,33,QUOD UNO VERBO DICAT SE ET QUOD FECIT.,"Nam nulla ratione negari potest, cum mens rationalis seipsam cogitando intelligit, imaginem ipsius nasci in sua cogitatione; … cum cogito notum mihi hominem absentem, formatur acies cogitationis meae in talem imaginem eius, qualem illam per visum oculorum in memoriam attraxi.",Genesis,1,26,"et ait: Faciamus hominem ad imaginem et similitudinem nostram: et praesit piscibus maris, et volatilibus caeli, et bestiis, universaeque terrae, omnique reptili, quod movetur in terra.",llm,thematic_echo,0,high,"Anselm’s discussion of the mind forming an image of a person mirrors Genesis 1:26‑27 where humanity is created ""ad imaginem et similitudinem"" of God.",0.0297,True,
Monologion,33,QUOD UNO VERBO DICAT SE ET QUOD FECIT.,"Quod uerbum, licet de re tam singulariter eminenti proprie aliquid satis conuenienter dici non possit, non tamen inconuenienter sicut similitudo ita et imago et figura et caracter eius dici potest.",John,1,14,"Et Verbum caro factum est, et habitavit in nobis: et vidimus gloriam ejus, gloriam quasi unigeniti a Patre plenum gratiae et veritatis.",llm,thematic_echo,0,high,"Anselm’s treatment of the ""verbum"" as a substance that is not merely a likeness but the very essence reflects John 1:14’s claim that ""Verbum caro factum est"" – the Word became flesh, sharing the same substance as God.",0.0302,True,
Monologion,34,QUOMODO SUO VERBO VIDERI POSSIT DICERE CREATURAM.,"summus spiritus dicit seipsum, dicit omnia quae facta sunt",John,1,1,"In principio erat Verbum, et Verbum erat apud Deum, et Deus erat Verbum.",llm,paraphrase,0,high,"Anselm’s wording mirrors John 1:1‑3 where the Logos (the Word) is said to be with God, to be God, and that all things were made through Him.",0.0278,True,
Monologion,35,"QUOD, QUIDQUID FACTUM EST, IN EIUS VERBO ET SCIENTIA SIT VITA","Verbum eius consubstantiale illi est et perfecte simile, necessario consequitur, ut omnia quae sunt in illo, eadem et eodem modo sint in verbo eius.",John,1,1,"In principio erat Verbum, et Verbum erat apud Deum, et Deus erat Verbum.",llm,paraphrase,0,high,"Anselm’s description of the Word (Verbum) as consubstantial with the divine and the claim that all things that exist in the divine are likewise in the Word mirrors John 1:1‑3 (""In principio erat Verbum… Omnia per ipsum facta sunt…"").",0.0484,True,
Monologion,36,QUAM INCOMPREHENSIBILI MODO DICAT UEL SCIAT RES A SE FACTAS.,"uel quomodo sciat ea quae facta sunt, ab humana scientia",Romans,1,20,"Invisibilia enim ipsius, a creatura mundi, per ea quae facta sunt, intellecta, conspiciuntur: sempiterna quoque ejus virtus, et divinitas: ita ut sint inexcusabiles.",ngram,direct_quote,1,,,0.0762,True,
Monologion,36,QUAM INCOMPREHENSIBILI MODO DICAT UEL SCIAT RES A SE FACTAS.,"omnis creata substantia tanto uerius est in uerbo, id est in intelligentia creatoris, quam in seipsa",John,1,1,"In principio erat Verbum, et Verbum erat apud Deum, et Deus erat Verbum.",llm,paraphrase,0,high,Anselm’s formula that created things are more truly in the “Word” (verbo) than in themselves echoes John 1:1‑2 (“In principio erat Verbum… et Verbum erat apud Deum”). The passage re‑states the doctrine that the divine intellect (the Word) is the true reality of all created things.,0.0208,True,
Monologion,37,"QUOD, QUIDQUID IPSE EST AD CREATURAM, HOC SIT ET VERBUM EIUS; NEC",summum spiritum per uerbum suum fecisse omnia,John,1,3,"Omnia per ipsum facta sunt: et sine ipso factum est nihil, quod factum est.",llm,paraphrase,0,high,Anselm re‑words John 1:3 (Vulgate: “per eum omnia facta sunt”) to assert that the supreme spirit created all things through the Word.,0.0833,True,
Monologion,37,"QUOD, QUIDQUID IPSE EST AD CREATURAM, HOC SIT ET VERBUM EIUS; NEC",Ipsa namque sola fecit non per aliud quam per se omnia ex nihilo,Colossians,1,16,"quoniam in ipso condita sunt universa in caelis, et in terra, visibilia, et invisibilia, sive throni, sive dominationes, sive principatus, sive potestates: omnia per ipsum et in ipso creata sunt:",llm,paraphrase,0,high,Paraphrases Colossians 1:16 (Vulgate: “per ipsum omnia facta sunt”) by stating that the Word alone made everything out of nothing.,0.0645,True,
Monologion,38,"QUOD DICI NON POSSIT, QUID DUO SINT, QUAMVIS NECESSE SIT ESSE","Nam ille cuius est verbum aut imago, nec imago nec verbum est",John,1,1,"In principio erat Verbum, et Verbum erat apud Deum, et Deus erat Verbum.",ngram+llm,paraphrase,0,high,"The formulation re‑works John 1:1’s identification of the Word with God, denying that the Word can be a separate entity apart from God.",0.0196,True,
Monologion,39,QUOD IDEM VERBUM SIT A SUMMO SPIRITU NASCENDO.,verbum summi spiritus,John,1,1,"In principio erat Verbum, et Verbum erat apud Deum, et Deus erat Verbum.",llm,thematic_echo,0,high,"Anselm’s phrase echoes John 1:1 where the Logos (Word) is identified as the divine principle, here rendered as “the word of the supreme spirit.”",0.0164,True,
Monologion,39,QUOD IDEM VERBUM SIT A SUMMO SPIRITU NASCENDO.,"creator de creatore, summum de summo",John,1,3,"Omnia per ipsum facta sunt: et sine ipso factum est nihil, quod factum est.",llm,paraphrase,0,high,"The wording parallels John 1:3 “per ipsum facta sunt omnia” – all things were made by the Creator through the Creator, expressed by Anselm as “creator from creator, the highest from the highest.”",0.0579,True,
Monologion,40,QUOD VERISSIME ILLE SIT PARENS ET ILLUD PROLES.,"Si ergo uerbum summi spiritus sic est omnino ex ipsius sola essentia, et sic singulariter est illi simile, ut nulla proles sic sit omnino ex sola parentis essentia, aut sic similis parenti",John,1,1,"In principio erat Verbum, et Verbum erat apud Deum, et Deus erat Verbum.",llm,paraphrase,0,high,"Anselm’s description of the ""verbum summi spiritus"" as existing wholly from the essence of the supreme spirit mirrors John 1:1‑3, where the Word is identified with God’s very being and all things are made through Him.",0.0291,True,
Monologion,40,QUOD VERISSIME ILLE SIT PARENS ET ILLUD PROLES.,"quodsi conuenientissime dicitur nasci, et tam simile est illi de quo nascitur: cur aestimetur simile quasi proles parenti",Genesis,1,26,"et ait: Faciamus hominem ad imaginem et similitudinem nostram: et praesit piscibus maris, et volatilibus caeli, et bestiis, universaeque terrae, omnique reptili, quod movetur in terra.",llm,paraphrase,0,high,"The passage’s emphasis on the offspring being “simile quasi proles parenti” echoes Genesis 1:26‑27, where humanity is created “in our image, after our likeness.”",0.0435,True,
Monologion,41,"QUOD ILLE VERISSIME GIGNAT, ILLUD GIGNATUR.","summi spiritus est uerissime gignere, et uerbi eius uerissime gigni",John,1,1,"In principio erat Verbum, et Verbum erat apud Deum, et Deus erat Verbum.",llm,thematic_echo,0,high,"Echoes the Trinitarian doctrine that the Father (here expressed as the ""summus spiritus"") begets the Son, the ""Verbum"" (Word), as articulated in John 1:1‑3 (""In principio erat Verbum… et Verbum erat apud Deum…"").",0.0278,True,
Monologion,43,RETRACTATIO COMMUNIONIS AMBORUM ET PROPRIETATUM SINGULORUM.,"Nam sic est alius pater, alius filius, ut cum ambos dixerim, uideam me duos dixisse; et sic est idipsum, quod est et pater et filius, ut non intelligam quid duos dixerim. ... non sunt duo patres aut duo filii sed unus pater et unus filius",John,10,30,Ego et Pater unum sumus.,llm,thematic_echo,0,high,Anselm’s claim that the Father and the Son are not two distinct persons but one mirrors John 10:30 “Ego et Pater unum sumus” (I and the Father are one).,0.0219,True,
Monologion,44,QUOMODO ALTER ALTERIUS SIT ESSENTIA.,"ut non per alienam sed per suam essentiam sit, per suam sapientiam sapiat, per suam uitam uiuat",John,5,26,"Sicut enim Pater habet vitam in semetipso, sic dedit et Filio habere vitam in semetipso:",ngram+llm,paraphrase,1,high,"The clause expands the John 5:26 quotation, restating the idea that the Son possesses life, essence and wisdom in himself, not from another source.",0.0655,True,
Monologion,45,QUOD APTIUS DICI POSSIT FILIUS ESSENTIA PATRIS QUAM PATER FILII;,"filio patris uirtus et sapientia seu ueritas, et iustitia",1 Corinthians,1,24,"ipsis autem vocatis Judaeis, atque Graecis Christum Dei virtutem, et Dei sapientia:",llm,paraphrase,0,high,Anselm’s list of “virtus (power) and sapientia (wisdom) … ueritas (truth) and iustitia (justice)” mirrors Paul’s description of the Son as “the power of God and the wisdom of God” (1 Cor 1:24).,0.0213,True,
Monologion,45,QUOD APTIUS DICI POSSIT FILIUS ESSENTIA PATRIS QUAM PATER FILII;,filius est essentia patris,John,10,30,Ego et Pater unum sumus.,llm,thematic_echo,0,high,The claim that the Son is the very essence of the Father echoes Jesus’ statement “I and the Father are one” (John 10:30).,0.0227,True,
Monologion,46,"QUOMODO QUAEDAM EX IIS QUAE SIC PROFERUNTUR, ALITER QUOQUE POSSINT",filium esse uerum uerbum,John,1,1,"In principio erat Verbum, et Verbum erat apud Deum, et Deus erat Verbum.",llm,paraphrase,0,high,Anselm’s formula mirrors John 1:1‑14 where the Son is identified as the true “Verbum” (Word) of God.,0.033,True,
Monologion,47,QUOD FILIUS SIT INTELLIGENTIA INTELLIGENTIAE ET VERITAS VERITATIS,"substantia patris est intelligentia et scientia et sapientia et ueritas, consequenter colligitur quia sicut filius est intelligentia et scientia et sapientia et ueritas",Exodus,35,31,"implevitque eum spiritu Dei, sapientia et intelligentia, et scientia et omni doctrina,",ngram,direct_quote,2,,,0.125,True,
Monologion,47,QUOD FILIUS SIT INTELLIGENTIA INTELLIGENTIAE ET VERITAS VERITATIS,si ipsa substantia patris est intelligentia et scientia et sapientia et ueritas,John,1,1,"In principio erat Verbum, et Verbum erat apud Deum, et Deus erat Verbum.",llm,thematic_echo,0,high,"Anselm’s description of the Father’s substance as intelligence, knowledge, wisdom and truth mirrors the prologue of John (1:1‑3) where the Logos (the Word) is presented as the source of all being and truth.",0.0303,True,
Monologion,47,QUOD FILIUS SIT INTELLIGENTIA INTELLIGENTIAE ET VERITAS VERITATIS,ueritas,John,14,6,"Dicit ei Jesus: Ego sum via, et veritas, et vita. Nemo venit ad Patrem, nisi per me.",llm,thematic_echo,0,high,Anselm’s emphasis on truth (ueritas) as an essential attribute of both Father and Son resonates with Jesus’ self‑identification as “the truth” in John 14:6.,0.05,True,
Monologion,48,"QUOD IN MEMORIA INTELLIGATUR PATER, SICUT IN INTELLIGENTIA FILIUS;",quoniam de memoria nasci verbum uidetur,John,1,1,"In principio erat Verbum, et Verbum erat apud Deum, et Deus erat Verbum.",llm,thematic_echo,0,high,"Anselm’s claim that the Word (verbum) is generated from memory echoes John 1:1‑3, where the Logos is presented as eternally existing with the Father and becoming flesh; the passage treats the Son as the intelligible offspring of the Father’s memory.",0.0217,True,
Monologion,49,QUOD SUMMUS SPIRITUS SE AMET.,mutui amoris affectum,1 John,4,7,"Carissimi, diligamus nos invicem: quia caritas ex Deo est. Et omnis qui diligit, ex Deo natus est, et cognoscit Deum.",llm,thematic_echo,0,high,"The emphasis on a reciprocal love (“love one another”) reflects the central theme of 1 John 4:7‑8, where the author exhorts believers to “habete caritatem invicem” because love originates from God.",0.0471,True,
Monologion,49,QUOD SUMMUS SPIRITUS SE AMET.,"summus spiritus se amare, sicut sui meminit et se intelligit",1 John,4,8,"Qui non diligit, non novit Deum: quoniam Deus caritas est.",llm,thematic_echo,0,high,"The notion that the highest spirit loves itself mirrors the biblical declaration “Deus caritas est” (1 John 4:8), which identifies God Himself as the source and embodiment of love.",0.0123,True,
Monologion,50,QUOD IDEM AMOR PARITER PROCEDAT A PATRE ET FILIO.,Nulla enim res amatur sine eius memoria aut intelligentia,1 John,4,8,"Qui non diligit, non novit Deum: quoniam Deus caritas est.",llm,thematic_echo,0,high,Anselm’s claim that nothing is loved apart from the memory and intellect of the beloved echoes the biblical teaching that God is love (Deus caritas est) and that love is inseparable from the knowledge of the beloved.,0.0294,True,
Monologion,50,QUOD IDEM AMOR PARITER PROCEDAT A PATRE ET FILIO.,a patre pariter et filio summi spiritus amor procedit,2 Corinthians,13,14,,llm,thematic_echo,0,high,"The statement that love proceeds equally from the Father and the Son to the Holy Spirit mirrors the Trinitarian benediction of 2 Cor 13:14, which links the Father’s grace, the Son’s love, and the Spirit’s communion.",0.0,False,
Monologion,51,QUOD UTERQUE PARI AMORE DILIGAT SE ET ALTERUM.,"singulus pater est summus spiritus, et singulus filius summus spiritus, et ambo simul unus spiritus",John,10,30,Ego et Pater unum sumus.,llm,thematic_echo,0,high,Anselm’s statement that the Father and the Son are each the supreme spirit and together one spirit echoes John 10:30 where Jesus says “ego et Pater unum sumus” (I and the Father are one).,0.0476,True,
Monologion,53,"QUOD IDEM AMOR SIT IDIPSUM, QUOD EST SUMMUS SPIRITUS, ET TAMEN",IPSE CUM PATRE ET FILIO UNUS SPIRITUS.,Matthew,28,19,"euntes ergo docete omnes gentes: baptizantes eos in nomine Patris, et Filii, et Spiritus Sancti:",llm,thematic_echo,0,high,"The Trinitarian formula of the Nicene Creed echoes Matthew 28:19, where Jesus commands baptism ""in the name of the Father and of the Son and of the Holy Spirit"".",0.025,True,
Monologion,53,"QUOD IDEM AMOR SIT IDIPSUM, QUOD EST SUMMUS SPIRITUS, ET TAMEN","Denique si nulla umquam creatura, id est si nihi1 umquam aliud esset quam summus spiritus pater et filius: nihilominus seipsos et inuicem pater et filius diligerent.",1 John,4,8,"Qui non diligit, non novit Deum: quoniam Deus caritas est.",llm,thematic_echo,0,high,"The statement that the Father and the Son love each other reflects 1 John 4:8, ""Deus caritas est"" (God is love), and the broader Johannine theme that love is the essential nature of God.",0.0405,True,
Monologion,54,"QUOD TOTUS PROCEDAT A PATRE, TOTUS A FILIO, ET TAMEN NON SIT NISI",et simul pater et filius non duo sed unus spiritus,John,10,30,Ego et Pater unum sumus.,llm,thematic_echo,0,high,"Anselm’s claim that the Father and the Son are “not two but one spirit” echoes John 10:30 where Jesus says, “Ego et Pater unum sumus” (I and the Father are one). The language of unity is the same theological point, though Anselm does not quote the verse verbatim.",0.0395,True,
Monologion,55,QUOD NON SIT EORUM FILIUS.,parentis imaginem,Genesis,1,26,"et ait: Faciamus hominem ad imaginem et similitudinem nostram: et praesit piscibus maris, et volatilibus caeli, et bestiis, universaeque terrae, omnique reptili, quod movetur in terra.",llm,paraphrase,0,high,"Anselm’s phrase “parentis imaginem” echoes Genesis 1:26 where God creates man “ad imaginem et similitudinem nostra”, i.e., in the image of the parent (God).",0.0365,True,
Monologion,56,"QUOD SOLUS PATER SIT GENITOR ET INGENITUS, SOLUS FILIUS GENITUS,",solus ille cuius verbum est genitor et ingenitus,John,1,1,"In principio erat Verbum, et Verbum erat apud Deum, et Deus erat Verbum.",llm,paraphrase,0,high,"Echoes John 1:1‑3 where the Logos (Verbum) is described as being with God, as God, and as uncreated (ingenitus). Anselm mirrors the language of “Verbum” and its divine origin.",0.0222,True,
Monologion,56,"QUOD SOLUS PATER SIT GENITOR ET INGENITUS, SOLUS FILIUS GENITUS,","solum autem verbum genitum, quia solum filius et proles est",John,3,16,"Sic enim Deus dilexit mundum, ut Filium suum unigenitum daret: ut omnis qui credit in eum, non pereat, sed habeat vitam aeternam.",llm,paraphrase,0,high,"Paraphrases John 3:16’s reference to the “only begotten Son” (unigenitus filius), contrasting the begotten Word with love, which Anselm says is neither begotten nor unbegotten.",0.05,True,
Monologion,57,"QUOD AMOR IDEM SIC SIT INCREATUS ET CREATOR SICUT PATER ET FILIUS,",Quod si dici potest: sicut uerbum summae essentiae filius est eius,John,1,1,"In principio erat Verbum, et Verbum erat apud Deum, et Deus erat Verbum.",llm,paraphrase,0,high,"Anselm likens the Son to the ""Verbum"" (Word) of John 1:1‑3, where the Word is described as being with God and being God, i.e. the sum of divine essence.",0.0125,True,
Monologion,57,"QUOD AMOR IDEM SIC SIT INCREATUS ET CREATOR SICUT PATER ET FILIUS,",Quoniam autem idem amor singulus est summa essentia sicut pater et filius,1 John,4,8,"Qui non diligit, non novit Deum: quoniam Deus caritas est.",llm,thematic_echo,0,high,"Echoes the biblical affirmation ""Deus caritas est"" (God is love) found in 1 John 4:8, presenting love as the single, supreme essence shared by Father and Son.",0.0252,True,
Monologion,58,"QUOD, SICUT FILIUS EST ESSENTIA VEL SAPIENTIA PATRIS EO SENSU QUIA",filius est substantia et sapientia et uirtus patris,John,1,1,"In principio erat Verbum, et Verbum erat apud Deum, et Deus erat Verbum.",llm,thematic_echo,0,high,"Anselm’s claim that the Son shares the Father’s substance, wisdom and virtue echoes John 1:1 (“In principio erat Verbum, et Verbum erat apud Deum, et Deus erat Verbum”), which presents the Son (the Logos) as identical in essence with God.",0.0238,True,
Monologion,58,"QUOD, SICUT FILIUS EST ESSENTIA VEL SAPIENTIA PATRIS EO SENSU QUIA",Spiritus ... sit patris et fili,John,15,26,"Cum autem venerit Paraclitus, quem ego mittam vobis a Patre, Spiritum veritatis, qui a Patre procedit, ille testimonium perhibebit de me;",llm,thematic_echo,0,high,"Anselm’s statement that the Spirit belongs to the Father and the Son reflects John 15:26, where the Holy Spirit is sent by the Father and testifies concerning the Son.",0.0,True,
Monologion,58,"QUOD, SICUT FILIUS EST ESSENTIA VEL SAPIENTIA PATRIS EO SENSU QUIA",Spiritus ... sit patris et fili,John,14,26,"Paraclitus autem Spiritus Sanctus, quem mittet Pater in nomine meo, ille vos docebit omnia, et suggeret vobis omnia quaecumque dixero vobis.",llm,thematic_echo,0,high,"John 14:26 says the Holy Spirit proceeds from the Father and will teach the disciples, reinforcing Anselm’s idea that the Spirit is essentially linked to both the Father and the Son.",0.0588,True,
Monologion,58,"QUOD, SICUT FILIUS EST ESSENTIA VEL SAPIENTIA PATRIS EO SENSU QUIA",utriusque spiritus intelligi essentia uel sapientia uel uirtus patris et filii,John,14,9,"Dicit ei Jesus: Tanto tempore vobiscum sum, et non cognovistis me? Philippe, qui videt me, videt et Patrem. Quomodo tu dicis: Ostende nobis Patrem?",llm,thematic_echo,0,high,"John 14:9‑10 records Jesus saying, “Whoever has seen me has seen the Father,” indicating that the Son perfectly reveals the Father’s essence, a notion Anselm mirrors in describing the Spirit as sharing the Father’s and Son’s essence, wisdom and virtue.",0.0185,True,
Monologion,59,QUOD PATER ET FILIUS ET EORUM SPIRITUS PARITER SINT IN SE INUICEM.,in patre et filio et utriusque spiritu,Matthew,28,19,"euntes ergo docete omnes gentes: baptizantes eos in nomine Patris, et Filii, et Spiritus Sancti:",llm,thematic_echo,0,high,"Anselm’s tri‑adic formula mirrors the baptismal command “in the name of the Father and of the Son and of the Holy Spirit,” establishing the same three‑person unity of God.",0.0388,True,
Monologion,59,QUOD PATER ET FILIUS ET EORUM SPIRITUS PARITER SINT IN SE INUICEM.,Est totus pater in filio,John,14,9,"Dicit ei Jesus: Tanto tempore vobiscum sum, et non cognovistis me? Philippe, qui videt me, videt et Patrem. Quomodo tu dicis: Ostende nobis Patrem?",llm,thematic_echo,0,high,"The claim that the Father is wholly present in the Son echoes Jesus’ statement, “Whoever has seen me has seen the Father,” expressing the full identity of the Father in the Son.",0.0273,True,
Monologion,59,QUOD PATER ET FILIUS ET EORUM SPIRITUS PARITER SINT IN SE INUICEM.,et filius in patre,John,10,30,Ego et Pater unum sumus.,llm,thematic_echo,0,high,"Anselm’s assertion that the Son is in the Father reflects Jesus’ declaration, “I and the Father are one,” emphasizing mutual indwelling.",0.0208,True,
Monologion,60,QUOD NULLUS EORUM ALIO INDIGEAT AD MEMORANDUM UEL INTELLIGENDUM,"pater ... filius ... spiritus ... ut nec pater indigeat filio aut communi spiritu, nec filius patre ... siue idem spiritus patre aut filio",Matthew,28,19,"euntes ergo docete omnes gentes: baptizantes eos in nomine Patris, et Filii, et Spiritus Sancti:",llm,thematic_echo,0,high,"The triadic formula of Father, Son and Holy Spirit mirrors the baptismal command “In nomine Patris et Filii et Spiritus Sancti” (Matt 28:19), expressing the same Trinitarian unity.",0.0303,True,
Monologion,60,QUOD NULLUS EORUM ALIO INDIGEAT AD MEMORANDUM UEL INTELLIGENDUM,singulus quisque essentialiter est ... summa essentia ... unusquisque ...,Deuteronomy,6,4,"Audi, Israel: Dominus Deus noster, Dominus unus est.",llm,thematic_echo,0,high,"The insistence that each person of the Trinity is “essentially one” reflects the Shema’s affirmation of the oneness of God: “Hear, O Israel: the LORD our God, the LORD is one” (Deut 6:4).",0.0106,True,
Monologion,61,QUOD TAMEN NON SINT TRES SED UNUS SEU PATER SEU FILIUS SIUE,"unus tantum est in summa essentia pater, unus filius, unus spiritus",Mattheus,28,19,,llm,thematic_echo,0,high,"Anselm’s formulation of a single essence containing one Father, one Son and one Spirit mirrors the Trinitarian baptismal formula “in the name of the Father, and of the Son, and of the Holy Spirit.”",0.0,False,
Monologion,62,QUOMODO EX HIS MULTI FILLI NASCI VIDEANTUR.,pater et filius et eorum spiritus,Matthew,28,19,"euntes ergo docete omnes gentes: baptizantes eos in nomine Patris, et Filii, et Spiritus Sancti:",llm,thematic_echo,0,high,Anselm’s phrase echoes the Trinitarian baptismal formula of Matthew 28:19 – “in nomine Patris et Filii et Spiritus Sancti” – although he does not quote it verbatim.,0.0329,True,
Monologion,63,QUOMODO NON SIT IBI NISI UNUS UNIUS.,pater et filius et eorum spiritus,Matthew,28,19,"euntes ergo docete omnes gentes: baptizantes eos in nomine Patris, et Filii, et Spiritus Sancti:",llm,thematic_echo,0,high,"Anselm’s explicit mention of Father, Son and their Spirit echoes the Trinitarian baptismal formula of Matthew 28:19.",0.0293,True,
Monologion,63,QUOMODO NON SIT IBI NISI UNUS UNIUS.,verbum … imago et filius eius cuius est verbum,John,1,1,"In principio erat Verbum, et Verbum erat apud Deum, et Deus erat Verbum.",llm,paraphrase,0,high,"The repeated use of “verbum” (Word) together with “imago” (image) and “filius” (Son) paraphrases John 1:1‑14, where the Word is identified with God, is the image of the Father, and becomes flesh.",0.0127,True,
Monologion,63,QUOMODO NON SIT IBI NISI UNUS UNIUS.,"unus pater, non plures patres",Deuteronomy,6,4,"Audi, Israel: Dominus Deus noster, Dominus unus est.",llm,thematic_echo,0,high,The insistence on the unity of the Father mirrors the Shema’s declaration of the oneness of God (Deut 6:4).,0.0084,True,
Monologion,63,QUOMODO NON SIT IBI NISI UNUS UNIUS.,imago … filius … verbum,Colossians,1,15,"qui est imago Dei invisibilis, primogenitus omnis creaturae:",llm,paraphrase,0,high,"The description of the Son as the “image” (imago) of the Father and as the Word (verbum) follows Colossians 1:15, which calls Christ “the image of the invisible God.”",0.0127,True,
Monologion,64,"QUOD HOC, LICET INEXPLICABILE SIT, TAMEN CREDENDUM SIT.",et generatur filius: Generationem eius quis enarrabit?,Isaiah,53,8,"De angustia, et de judicio sublatus est. Generationem ejus quis enarrabit? quia abscissus est de terra viventium: propter scelus populi mei percussi eum.",ngram,direct_quote,1,,,0.0473,True,
Monologion,64,"QUOD HOC, LICET INEXPLICABILE SIT, TAMEN CREDENDUM SIT.",et generatur filius: Generationem eius quis enarrabit?,Acts,8,33,In humilitate judicium ejus sublatum est. Generationem ejus quis enarrabit? quoniam tolletur de terra vita ejus.],ngram,direct_quote,1,,,0.0493,True,
Monologion,64,"QUOD HOC, LICET INEXPLICABILE SIT, TAMEN CREDENDUM SIT.","Quid autem tam incomprehensibile, tam ineffabile, quam id quod super omnia est?",Isaiah,55,8,"Non enim cogitationes meae cogitationes vestrae, neque viae vestrae viae meae, dicit Dominus.",llm,thematic_echo,0,high,"Anselm’s description of God as “incomprehensible, ineffable, above all things” echoes Isaiah 55:8‑9 where the Lord declares that His thoughts and ways are far beyond human understanding.",0.0141,True,
Monologion,64,"QUOD HOC, LICET INEXPLICABILE SIT, TAMEN CREDENDUM SIT.",Generationem eius quis enarrabit?,Ioannes,1,1,,llm,thematic_echo,0,high,"The rhetorical question about who can narrate God’s generation reflects John 1:1‑3, where the Logos is described as “the Word was in the beginning… all things were made through Him,” raising the mystery of divine generation.",0.0,False,
Monologion,64,"QUOD HOC, LICET INEXPLICABILE SIT, TAMEN CREDENDUM SIT.",nullatenus tamen certitudinis eorum nutat soliditas,Hebræi,11,1,,llm,thematic_echo,0,high,"The statement that the certainty of these truths “does not shake” corresponds to Hebrews 11:1, defining faith as “the substance of things hoped for, the proof of things not seen.”",0.0,False,
Monologion,65,QUOMODO DE INEFFABILI RE VERUM DISPUTATUM SIT.,de illa secundum patris et filii et procedentis habitudinem disputatum,Matthew,28,19,"euntes ergo docete omnes gentes: baptizantes eos in nomine Patris, et Filii, et Spiritus Sancti:",ngram,direct_quote,1,,,0.0215,True,
Monologion,65,QUOMODO DE INEFFABILI RE VERUM DISPUTATUM SIT.,"summa essentia supra et extra omnem aliam naturam, ut si quando de illa dicitur aliquid uerbis, quae communia sunt aliis naturis, sensus nullatenus sit communis",Psalms,145,3,"in filiis hominum, in quibus non est salus.",llm,thematic_echo,0,high,"Anselm’s description of God’s essence as “above and beyond every other nature” echoes Psalm 145:3 (Vulgate: “Magnus Dominus, et laudabilis nimis, et magnitudinem eius non potest investigare”), which portrays God’s greatness as incomprehensible to human reason.",0.0132,True,
Monologion,65,QUOMODO DE INEFFABILI RE VERUM DISPUTATUM SIT.,ut cum uultum alicuius consideramus in speculo.,1 Corinthians,13,12,Videmus nunc per speculum in aenigmate: tunc autem facie ad faciem. Nunc cognosco ex parte: tunc autem cognoscam sicut et cognitus sum.,llm,thematic_echo,0,high,"Anselm’s image of seeing a face in a mirror reflects 1 Cor 13:12 (Vulgate: “Nunc autem per speculum in tenebris videmus, sed facie ad faciem”), a biblical metaphor for the limited nature of human knowledge.",0.034,True,
Monologion,66,QUOD PER RATIONALEM MENTEM MAXIME ACCEDATUR AD COGNOSCENDUM SUMMAM,Quidquid enim inter creata constat illi esse similius,Genesis,1,26,"et ait: Faciamus hominem ad imaginem et similitudinem nostram: et praesit piscibus maris, et volatilibus caeli, et bestiis, universaeque terrae, omnique reptili, quod movetur in terra.",llm,thematic_echo,0,high,"Anselm’s claim that whatever exists among created things is more similar to the Creator echoes Genesis 1:26‑27, where humanity is said to be made in the image and likeness of God.",0.0357,True,
Monologion,66,QUOD PER RATIONALEM MENTEM MAXIME ACCEDATUR AD COGNOSCENDUM SUMMAM,"omnis essentia, in quantum est, in tantum sit summae similis essentiae",Romans,1,20,"Invisibilia enim ipsius, a creatura mundi, per ea quae facta sunt, intellecta, conspiciuntur: sempiterna quoque ejus virtus, et divinitas: ita ut sint inexcusabiles.",llm,thematic_echo,0,high,"The idea that every created essence, insofar as it exists, reflects the supreme essence parallels Romans 1:20, which teaches that God’s invisible qualities are clearly seen in what has been made.",0.0429,True,
Monologion,67,QUOD MENS IPSA SPECULUM EIUS ET IMAGO EIUS SIT.,"in quo speculetur ut ita dicam imaginem eius, quam ""facie ad faciem"" uidere nequit.",1 Corinthians,13,12,Videmus nunc per speculum in aenigmate: tunc autem facie ad faciem. Nunc cognosco ex parte: tunc autem cognoscam sicut et cognitus sum.,llm,direct_quote,0,high,"Anselm reproduces the Pauline image of seeing “through a glass, darkly” and then “face to face” (Vulgate: “per speculum in tenebris videmus, sed tunc facie ad faciem”).",0.0811,True,
Monologion,68,QUOD RATIONALIS CREATURA AD AMANDUM ILLAM FACTA SIT.,"ut summam essentiam amet super omnia bona, sicut ipsa est summum bonum",Deuteronomy,6,5,"Diliges Dominum Deum tuum ex toto corde tuo, et ex tota anima tua, et ex tota fortitudine tua.",llm,thematic_echo,0,high,"The passage’s claim that the rational creature must love the supreme good mirrors the biblical command to love God with all one’s heart, soul, and strength (Deut 6:5; cf. Mark 12:30).",0.0069,True,
Monologion,69,QUOD ANIMA SEMPER ILLAM AMANS ALIQUANDO VERE BEATE VIVAT.,sine fine amet,1 Corinthians,13,8,"Caritas numquam excidit: sive prophetiae evacuabuntur, sive linguae cessabunt, sive scientia destruetur.",llm,paraphrase,0,high,"Paraphrases the famous line “caritas numquam peribit” (love never fails), i.e., love without end.",0.0066,True,
Monologion,70,QUOD ILLA SE AMANTI SEIPSAM RETRIBUET.,"Ut quod “nunc” uidet quasi “per speculum et in aenigmate, tunc” uideat “facie ad faciem”.",1 Corinthians,13,12,Videmus nunc per speculum in aenigmate: tunc autem facie ad faciem. Nunc cognosco ex parte: tunc autem cognoscam sicut et cognitus sum.,llm,direct_quote,0,high,"Anselm reproduces verbatim the Vulgate wording of 1 Cor 13:12 (""nunc per speculum in aenigmate videmus, tunc autem facie ad faciem"").",0.0582,True,
Monologion,74,QUOD NULLA ANIMA INIUSTE PRIVETUR SUMMO BONO; ET QUOD OMNINO AD,"et ad idem ipsum bonum est omni homini toto corde, tote anima, tote mente amando et desiderando nitendum.",Deuteronomy,6,5,"Diliges Dominum Deum tuum ex toto corde tuo, et ex tota anima tua, et ex tota fortitudine tua.",llm,paraphrase,0,high,"Anselm echoes the Vulgate Shema (Deut 6:5) – “Diliges Dominum Deum tuum ex toto corde tuo, et ex tota anima tua, et ex omnibus cogitationibus tuis” – by substituting “mente” for “cogitationibus” and extending the command to the love of the highest good.",0.0465,True,
Monologion,77,QUOD IN PATREM ET FILIUM ET EORUM SPIRITUM PARITER ET IN SINGULOS,Credendum igitur est pariter in patrem et filium et eorum spiritum,Matthew,28,19,"euntes ergo docete omnes gentes: baptizantes eos in nomine Patris, et Filii, et Spiritus Sancti:",llm,paraphrase,0,high,"Anselm’s formula mirrors the Trinitarian baptismal command “in nomine Patris et Filii et Spiritus Sancti,” substituting “in patrem et filium et eorum spiritum” for the Vulgate wording.",0.0455,True,
Monologion,77,QUOD IN PATREM ET FILIUM ET EORUM SPIRITUM PARITER ET IN SINGULOS,simul pater et filius cum suo spiritu sunt una eademque summa essentia,John,10,30,Ego et Pater unum sumus.,llm,thematic_echo,0,high,"The claim that the Father, Son, and Spirit are “una eademque summa essentia” echoes John 10:30’s declaration “Ego et Pater unum sumus,” extending the unity to the Holy Spirit.",0.0345,True,
Monologion,77,QUOD IN PATREM ET FILIUM ET EORUM SPIRITUM PARITER ET IN SINGULOS,sicut in illam tendere nisi credat illam nullus potest,Hebrews,11,6,"Sine fide autem impossibile est placere Deo. Credere enim oportet accedentem ad Deum quia est, et inquirentibus se remunerator sit.",llm,paraphrase,0,high,The clause “nullus potest … credere” directly reflects Hebrews 11:6’s statement that “without faith it is impossible to please God.”,0.0725,True,
Monologion,78,QUAE SIT VIVA ET QUAE MORTUA FIDES.,"inutilis erit fides et quasi mortuum aliquid, nisi dilectione ualeat et uiuat.",James,2,17,"Sic et fides, si non habeat opera, mortua est in semetipsa.",llm,paraphrase,0,high,"Anselm’s statement that faith is useless and “as if dead” without love mirrors the Vulgate James 2:17: “Sic et fides, si non habet opera, mortua est in semetipsis.” The structure and idea are the same, though Anselm replaces “works” with “love.”",0.0583,True,
Monologion,79,QUID TRES SUMMA ESSENTIA QUODAMMODO DICI POSSIT.,trinitatem propter patrem et filium et utriusque spiritum,Matthew,28,19,"euntes ergo docete omnes gentes: baptizantes eos in nomine Patris, et Filii, et Spiritus Sancti:",llm,paraphrase,0,high,"Anselm re‑states the baptismal formula of Matthew 28:19, where Christ commands baptism ""in the name of the Father, and of the Son, and of the Holy Spirit"".",0.0309,True,
Monologion,80,QUOD IPSA DOMINETUR OMNIBUS ET REGAT OMNIA ET SIT SOLUS DEUS.,"cum ille solus sit, per quem cuilibet et sine quo nulli bene est",John,1,3,"Omnia per ipsum facta sunt: et sine ipso factum est nihil, quod factum est.",ngram+llm,paraphrase,0,high,"Anselm’s phrasing parallels John 1:3’s claim that without Him nothing was made that has been made, emphasizing God’s unique role as the source of all good.",0.0545,True,
Monologion,80,QUOD IPSA DOMINETUR OMNIBUS ET REGAT OMNIA ET SIT SOLUS DEUS.,omnia per summe bonam summeque sapientem omnipotentiam eius facta sunt et uigent,Colossians,1,16,"quoniam in ipso condita sunt universa in caelis, et in terra, visibilia, et invisibilia, sive throni, sive dominationes, sive principatus, sive potestates: omnia per ipsum et in ipso creata sunt:",llm,paraphrase,0,high,"The clause mirrors Colossians 1:16 (""per quem omnia facta sunt, quae in caelis et in terra sunt, visibiles et invisibiles""), echoing the idea that everything exists through God’s supreme goodness and wisdom.",0.0341,True,
Monologion,80,QUOD IPSA DOMINETUR OMNIBUS ET REGAT OMNIA ET SIT SOLUS DEUS.,ineffabiliter trinus et unus,Matthew,28,19,"euntes ergo docete omnes gentes: baptizantes eos in nomine Patris, et Filii, et Spiritus Sancti:",llm,thematic_echo,0,high,"Anselm’s description of God as “ineffably three and one” reflects the Trinitarian baptismal formula of Matthew 28:19, which names the Father, Son, and Holy Spirit as a single divine reality.",0.0233,True,
Proslogion,1,EXCITATIO MENTIS AD CONTEMPLANDUM DEUM.,"domine, obliuisceris"" nos, ""usquequo auertis faciem tuam"" a nobis? Quando respicies",Psalms,12,1,"In finem. Psalmus David. [Usquequo, Domine, oblivisceris me in finem? usquequo avertis faciem tuam a me?",ngram,direct_quote,2,,,0.021,True,
Proslogion,1,EXCITATIO MENTIS AD CONTEMPLANDUM DEUM.,"quae te iuuent ad quaerendum eum, et ""clauso ostio"" quaere",1 Samuel,23,25,"Ivit ergo Saul et socii ejus ad quaerendum eum. Et nuntiatum est David: statimque descendit ad petram, et versabatur in deserto Maon: quod cum audisset Saul, persecutus est David in deserto Maon.",ngram,direct_quote,1,,,0.0205,True,
Proslogion,1,EXCITATIO MENTIS AD CONTEMPLANDUM DEUM.,"Eia nunc ergo tu, domine deus meus, doce cor meum",Psalms,39,6,"Multa fecisti tu, Domine Deus meus, mirabilia tua; et cogitationibus tuis non est qui similis sit tibi. Annuntiavi et locutus sum: multiplicati sunt super numerum.",ngram,direct_quote,1,,,0.0345,True,
Proslogion,1,EXCITATIO MENTIS AD CONTEMPLANDUM DEUM.,"ignorat uultum tuum. Domine, deus meus es, et dominus meus",Isaiah,25,1,"Domine, Deus meus es tu; exaltabo te, et confitebor nomini tuo: quoniam fecisti mirabilia, cogitationes antiquas fideles. Amen.",ngram,direct_quote,1,,,0.0183,True,
Proslogion,1,EXCITATIO MENTIS AD CONTEMPLANDUM DEUM.,"et cogor rugire ""a gemitu cordis mei"". Sperabatur laetitia, et",Psalms,37,9,"Afflictus sum, et humiliatus sum nimis; rugiebam a gemitu cordis mei.",ngram,direct_quote,1,,,0.0163,True,
Proslogion,1,EXCITATIO MENTIS AD CONTEMPLANDUM DEUM.,"obliuisceris"" nos, ""usquequo auertis faciem tuam"" a nobis? Quando respicies",Psalms,87,15,"Ut quid, Domine, repellis orationem meam; avertis faciem tuam a me?",ngram,direct_quote,1,,,0.0186,True,
Proslogion,1,EXCITATIO MENTIS AD CONTEMPLANDUM DEUM.,"nos, ""usquequo auertis faciem tuam"" a nobis? Quando respicies et",Isaiah,64,7,"Non est qui invocet nomen tuum; qui consurgat, et teneat te. Abscondisti faciem tuam a nobis, et allisisti nos in manu iniquitatis nostrae.",ngram,direct_quote,1,,,0.0276,True,
Proslogion,1,EXCITATIO MENTIS AD CONTEMPLANDUM DEUM.,"Restitue te nobis, ut bene sit nobis, sine quo tam",Deuteronomy,6,24,"Praecepitque nobis Dominus ut faciamus omnia legitima haec, et timeamus Dominum Deum nostrum, ut bene sit nobis cunctis diebus vitae nostrae, sicut est hodie.",ngram,direct_quote,1,,,0.0228,True,
Proslogion,1,EXCITATIO MENTIS AD CONTEMPLANDUM DEUM.,"Restitue te nobis, ut bene sit nobis, sine quo tam",Jeremiah,42,6,"sive bonum est, sive malum, voci Domini Dei nostri, ad quem mittimus te, obediemus, ut bene sit nobis cum audierimus vocem Domini Dei nostri.",ngram,direct_quote,1,,,0.0253,True,
Proslogion,1,EXCITATIO MENTIS AD CONTEMPLANDUM DEUM.,"meum"" obuoluunt me, ""et sicut onus graue"" grauant me. Euolue",Psalms,37,5,"quoniam iniquitates meae supergressae sunt caput meum, et sicut onus grave gravatae sunt super me.",ngram,direct_quote,1,,,0.0256,True,
Proslogion,1,EXCITATIO MENTIS AD CONTEMPLANDUM DEUM.,Manducabat tunc homo panem angelorum,Psalmus,78,25,,llm,direct_quote,0,high,Exact wording of the Vulgate Psalm 78:25 “Manducavit panem angelorum”.,0.0,False,
Proslogion,1,EXCITATIO MENTIS AD CONTEMPLANDUM DEUM.,"Domine, si hic non es, ubi te quaeram absentem? Si autem ubique es, cur non uideo praesentem?",Psalmus,139,7,,llm,thematic_echo,0,high,Reflects Psalm 139:7‑10 which speak of God’s omnipresence – “Where can I flee from your spirit?”,0.0,False,
Proslogion,2,QUOD VERE SIT DEUS.,"talis natura, quia ""dixit insipiens in corde quo: non est",Psalms,13,1,"In finem. Psalmus David. [Dixit insipiens in corde suo: Non est Deus. Corrupti sunt, et abominabiles facti sunt in studiis suis; non est qui faciat bonum, non est usque ad unum.",ngram,direct_quote,1,,,0.0918,True,
Proslogion,2,QUOD VERE SIT DEUS.,"talis natura, quia ""dixit insipiens in corde quo: non est",Psalms,52,1,"In finem, pro Maeleth intelligentiae David. [Dixit insipiens in corde suo: Non est Deus.",ngram,direct_quote,1,,,0.0787,True,
Proslogion,2,QUOD VERE SIT DEUS.,dixit insipiens in corde quo: non est deus,Psalms,14,1,"Psalmus David. [Domine, quis habitabit in tabernaculo tuo? aut quis requiescet in monte sancto tuo?",llm,direct_quote,0,high,Anselm reproduces the opening line of Psalm 14 (also Psalm 53) in the Vulgate: “Dixit insipiens in corde suo: Non est Deus.”,0.0215,True,
Proslogion,3,QUOD NON POSSIT COGITARI NON ESSE.,"esse. Cur itaque ""dixit insipiens in corde quo: non est",Psalms,13,1,"In finem. Psalmus David. [Dixit insipiens in corde suo: Non est Deus. Corrupti sunt, et abominabiles facti sunt in studiis suis; non est qui faciat bonum, non est usque ad unum.",ngram,direct_quote,1,,,0.0833,True,
Proslogion,3,QUOD NON POSSIT COGITARI NON ESSE.,"esse. Cur itaque ""dixit insipiens in corde quo: non est",Psalms,52,1,"In finem, pro Maeleth intelligentiae David. [Dixit insipiens in corde suo: Non est Deus.",ngram,direct_quote,1,,,0.0814,True,
Proslogion,3,QUOD NON POSSIT COGITARI NON ESSE.,"Cur itaque ""dixit insipiens in corde quo: non est deus""",Psalms,14,1,"Psalmus David. [Domine, quis habitabit in tabernaculo tuo? aut quis requiescet in monte sancto tuo?",llm,direct_quote,0,high,"Anselm reproduces verbatim the Vulgate wording of Psalm 14:1 (also Psalm 53:1), which reads “Dixit insipiens in corde suo: Non est Deus.”",0.0222,True,
Proslogion,7,"QUOMODO SIT OMNIPOTENS, CUM MULTA NON POSSIT.","omnipotens ... si omnia non poses? ... nihil potes per impotentiam, et nihil potest contra te.",Luke,1,37,quia non erit impossibile apud Deum omne verbum.,llm,thematic_echo,0,high,Anselm’s discussion of God’s ability to do all things and the impossibility of acting through impotence echoes Luke 1:37 – “Quia non est quod impossibile sit apud Deum” (“Nothing is impossible for God”).,0.0159,True,
Proslogion,7,"QUOMODO SIT OMNIPOTENS, CUM MULTA NON POSSIT.",nihil potest contra te.,Romans,8,31,"Quid ergo dicemus ad haec? si Deus pro nobis, qui contra nos?",llm,thematic_echo,0,high,"The claim that nothing can be against God parallels Romans 8:31 – “Si Deus pro nobis, quis contra nos?” (“If God is for us, who can be against us?”).",0.056,True,
Proslogion,9,QUOMODO TOTUS IUSTUS ET SUMME IUSTUS PARCAT MALIS; ET QUOD IUSTE,"omnem intellectum excedis, ueniat super me misericordia illa, quae de",Psalms,118,41,"Et veniat super me misericordia tua, Domine; salutare tuum secundum eloquium tuum.",ngram,direct_quote,1,,,0.0298,True,
Proslogion,11,"QUOMODO ""UNIVERSAE VIAE DOMINI MISERICORDIA ET VERITAS"", ET TAMEN","""IUSTUS DOMINUS IN OMNIBUS VIIS SUIS"". Sed numquid etiam non est iustum secundum te, domine, ut malos punias? Iustum quippe est te sic esse iustum, ut iustior nequeas cogitari. Quod nequaquam esses, si tantum bonis bona, et non malis mala redderes. Iustior enim est qui et bonis et malis, quam qui bonis tantum merita retribuit. Iustum igitur est secundum te, iuste et benigne deus, et cum s punis et cum parcis. Vere igitur ""uniuersoe uiae domini misericordia et ueritas"", et tamen ""iustus dominus in omnibus uiis suis"". Et utique sine repugnantia;",Psalms,144,17,"Justus Dominus in omnibus viis suis, et sanctus in omnibus operibus suis.",ngram,direct_quote,7,,,0.0593,True,
Proslogion,11,"QUOMODO ""UNIVERSAE VIAE DOMINI MISERICORDIA ET VERITAS"", ET TAMEN","""IUSTUS DOMINUS IN OMNIBUS VIIS SUIS"". Sed numquid etiam non est iustum secundum te, domine, ut malos punias? Iustum quippe est te sic esse iustum, ut iustior nequeas cogitari. Quod nequaquam esses, si tantum bonis bona, et non malis mala redderes. Iustior enim est qui et bonis et malis, quam qui bonis tantum merita retribuit. Iustum igitur est secundum te, iuste et benigne deus, et cum s punis et cum parcis. Vere igitur ""uniuersoe uiae domini misericordia et ueritas"", et tamen ""iustus dominus in omnibus uiis suis"". Et utique sine",James,1,8,Vir duplex animo inconstans est in omnibus viis suis.,ngram,direct_quote,2,,,0.0417,True,
Proslogion,11,"QUOMODO ""UNIVERSAE VIAE DOMINI MISERICORDIA ET VERITAS"", ET TAMEN","Vere igitur ""uniuersoe uiae domini misericordia et ueritas"", et tamen ""iustus",Psalms,24,10,"Universae viae Domini, misericordia et veritas, requirentibus testamentum ejus et testimonia ejus.",ngram,direct_quote,2,,,0.0413,True,
Proslogion,11,"QUOMODO ""UNIVERSAE VIAE DOMINI MISERICORDIA ET VERITAS"", ET TAMEN","""uniuersoe uiae domini misericordia et ueritas"", et tamen ""iustus dominus",Tobias,3,2,"dicens: [Justus es, Domine, et omnia judicia tua justa sunt, et omnes viae tuae, misericordia, et veritas, et judicium.",ngram,direct_quote,1,,,0.0645,True,
Proslogion,11,"QUOMODO ""UNIVERSAE VIAE DOMINI MISERICORDIA ET VERITAS"", ET TAMEN",IUSTUS DOMINUS IN OMNIBUS VIIS SUIS,Psalms,145,17,,llm,direct_quote,0,high,"Anselm reproduces verbatim the opening clause of Psalm 145:17 (Vulgate: “Justus Dominus in omnibus viis suis”), only differing in the classical u/v orthography.",0.0,False,
Proslogion,13,"QUOMODO SOLUS SIT INCIRCUMSCRIPTUS ET AETERNUS, CUM ALII SPIRITUS",solus incircumscriptus es et aeternus,Revelation,1,8,"Ego sum alpha et omega, principium et finis, dicit Dominus Deus: qui est, et qui erat, et qui venturus est, omnipotens.",llm,thematic_echo,0,high,"The description of God as the only one who is “incircumscribed and eternal” parallels Revelation 1:8 (and 22:13) where Christ declares, “I am the Alpha and the Omega… the beginning and the end,” emphasizing divine unboundedness and eternity.",0.0183,True,
Proslogion,14,QUOMODO ET CUR UIDETUR ET NON VIDETUR DEUS A QUAERENTIBUS EUM.,"Si uero inuenisti: quid est, quod non sentis quod inuenisti?",1 Samuel,14,41,"Et dixit Saul ad Dominum Deum Israel: Domine Deus Israel, da indicium: quid est quod non responderis servo tuo hodie? si in me, aut in Jonatha filio meo, est iniquitas haec, da ostensionem: aut si haec iniquitas est in populo tuo, da sanctitatem. Et deprehensus est Jonathas et Saul: populus autem exivit.",ngram,direct_quote,1,,,0.0663,True,
Proslogion,14,QUOMODO ET CUR UIDETUR ET NON VIDETUR DEUS A QUAERENTIBUS EUM.,"te, nisi per ""lucem tuam et ueritatem tuam""? Si ergo",Psalms,42,3,"Emitte lucem tuam et veritatem tuam: ipsa me deduxerunt, et adduxerunt in montem sanctum tuum, et in tabernacula tua.",ngram,direct_quote,1,,,0.0424,True,
Proslogion,14,QUOMODO ET CUR UIDETUR ET NON VIDETUR DEUS A QUAERENTIBUS EUM.,"qua est omne quod uerum est, et extra quam non",1 John,2,8,"Iterum mandatum novum scribo vobis, quod verum est et in ipso, et in vobis: quia tenebrae transierunt, et verum lumen jam lucet.",ngram,direct_quote,1,,,0.0419,True,
Proslogion,14,QUOMODO ET CUR UIDETUR ET NON VIDETUR DEUS A QUAERENTIBUS EUM.,"An inuenisti, anima mea, quod quaerebas?",Psalmus,27,8,,llm,paraphrase,0,high,"Echoes the Vulgate Psalm 27:8 “Dicite: Quaerite Dominum, et invenietis eum”, i.e. “Seek the Lord and you will find Him”.",0.0,False,
Proslogion,14,QUOMODO ET CUR UIDETUR ET NON VIDETUR DEUS A QUAERENTIBUS EUM.,lux et veritas,Ioannes,14,6,,llm,thematic_echo,0,high,"Combines two Johannine self‑descriptions: “Ego sum via, veritas, et vita” (Jn 14:6) and “Ego sum lux mundi” (Jn 8:12), creating a merged image of Christ as light and truth.",0.0,False,
Proslogion,14,QUOMODO ET CUR UIDETUR ET NON VIDETUR DEUS A QUAERENTIBUS EUM.,lux et veritas,Ioannes,8,12,,llm,thematic_echo,0,high,"Alludes to John 8:12 “Ego sum lux mundi”, the biblical claim that Christ is the light of the world, here paired with “veritas”.",0.0,False,
Proslogion,14,QUOMODO ET CUR UIDETUR ET NON VIDETUR DEUS A QUAERENTIBUS EUM.,tenebrae … lux … lucet,Ioannes,1,5,,llm,thematic_echo,0,high,"Recalls John 1:5 “et lux in tenebris lucet”, the contrast of light and darkness that Anselm repeats in his meditation on divine illumination.",0.0,False,
Proslogion,14,QUOMODO ET CUR UIDETUR ET NON VIDETUR DEUS A QUAERENTIBUS EUM.,"Quanta namque est lux illa, de qua micas omne uerum quod rationali menti lucet!",Psalmus,119,105,,llm,thematic_echo,0,high,"Echoes Psalm 119:105 “Lucerna pedibus meis verbum tuum, et lumen”, portraying divine truth as a light that guides the rational mind.",0.0,False,
Proslogion,14,QUOMODO ET CUR UIDETUR ET NON VIDETUR DEUS A QUAERENTIBUS EUM.,et a quo et per quem et quomodo de nihilo facta sunt,Ioannes,1,3,,llm,thematic_echo,0,high,"Paraphrases John 1:3 “Omnia per ipsum facta sunt”, extending it with the notion of creation “ex nihilo”.",0.0,False,
Proslogion,15,QUOD MAIOR SIT QUAM COGITARI POSSIT.,non solum es quo maius cogitari nequit sed es quiddam maior quam cogitari possit,Isaiah,55,8,"Non enim cogitationes meae cogitationes vestrae, neque viae vestrae viae meae, dicit Dominus.",llm,thematic_echo,0,high,"Anselm’s claim that God is greater than can be thought echoes Isaiah 55:8‑9 (Vulgate: “Quoniam cogitationes meæ non sunt cogitationes vestræ, nec viae vestrae viae meæ, dicit Dominus”), which stresses that divine thoughts and ways surpass human understanding.",0.0286,True,
Proslogion,16,"QUOD HAEC SIT ""LUX INACCESSIBILIS QUAM INHABITAT"".",lux inaccessibilis,1 Timothy,6,16,"qui solus habet immortalitatem, et lucem inhabitat inaccessibilem: quem nullus hominum vidit, sed nec videre potest: cui honor, et imperium sempiternum. Amen.",llm,paraphrase,0,high,Anselm’s phrase echoes 1 Tim 6:16 “qui solus habet inmortale spiritum in luce inaccesibili” – the biblical description of God dwelling in unapproachable light.,0.0476,True,
Proslogion,16,"QUOD HAEC SIT ""LUX INACCESSIBILIS QUAM INHABITAT"".",lux ... in qua habitas,1 John,1,5,"Et haec est annuntiatio, quam audivimus ab eo, et annuntiamus vobis: quoniam Deus lux est, et tenebrae in eo non sunt ullae.",llm,thematic_echo,0,high,The image of God as light that dwells in an inaccessible light recalls 1 Jn 1:5 “Deus est lux et in tenebris non est ullum” – God is light and there is no darkness in Him.,0.07,True,
Proslogion,18,"QUOD IN DEO NEC IN AETERNITATE EIUS, QUAE IPSE EST, NULLAE SINT","quaerimus. Adiuua me tu ""propter bonitatem tuam, domine"". ""Quaesiui uultum tuum,",Psalms,24,7,"Delicta juventutis meae, et ignorantias meas, ne memineris. Secundum misericordiam tuam memento mei tu, propter bonitatem tuam, Domine.",ngram,direct_quote,2,,,0.0455,True,
Proslogion,18,"QUOD IN DEO NEC IN AETERNITATE EIUS, QUAE IPSE EST, NULLAE SINT","tuum, domine, requiem; ne auertas faciem tuam a me"". Releua",Psalms,26,9,"Ne avertas faciem tuam a me; ne declines in ira a servo tuo. Adjutor meus esto; ne derelinquas me, neque despicias me, Deus salutaris meus.",ngram,direct_quote,1,,,0.0398,True,
Proslogion,18,"QUOD IN DEO NEC IN AETERNITATE EIUS, QUAE IPSE EST, NULLAE SINT","tuum, domine, requiem; ne auertas faciem tuam a me"". Releua",Psalms,68,18,"Et ne avertas faciem tuam a puero tuo; quoniam tribulor, velociter exaudi me.",ngram,direct_quote,1,,,0.041,True,
Proslogion,18,"QUOD IN DEO NEC IN AETERNITATE EIUS, QUAE IPSE EST, NULLAE SINT","Quaesiui uultum tuum, uultum tuum, domine, requiem; ne auertas faciem tuam a me",Psalmus,27,8,,llm,direct_quote,0,high,"Anselm reproduces almost verbatim the Vulgate Psalm 27:8 (""Quaerens faciem tuam, Domine, non avertas faciem tuam a me"").",0.0,False,
Proslogion,18,"QUOD IN DEO NEC IN AETERNITATE EIUS, QUAE IPSE EST, NULLAE SINT",illumine oculum mentis meae,Psalmus,119,18,,llm,paraphrase,0,high,"The phrase echoes Psalm 119:18 ""Illumina oculos meos"", re‑phrased to refer to the eye of the mind.",0.0,False,
Proslogion,18,"QUOD IN DEO NEC IN AETERNITATE EIUS, QUAE IPSE EST, NULLAE SINT",In illo omnes peccauimus,Romani,3,23,,llm,paraphrase,0,high,"The statement that ""all have sinned"" mirrors Romans 3:23 ""Omnes peccaverunt"".",0.0,False,
Proslogion,19,QUOD NON SIT IN LOCO AUT TEMPORE SED OMNIA SINT IN ILLO.,"Sed si per aeternitatem tuam fuisti et es et eris, ... quomodo aeternitas tua tota est semper?",Psalmus,90,2,,llm,thematic_echo,0,high,"Anselm’s description of God’s eternal existence mirrors Psalm 90:2, which declares that God “is God from everlasting to everlasting,” emphasizing divine timelessness.",0.0,False,
Proslogion,19,QUOD NON SIT IN LOCO AUT TEMPORE SED OMNIA SINT IN ILLO.,"tu autem, licet nihil sit sine te, non es tamen in loco aut tempore sed omnia sunt in te.",Colossenses,1,17,,llm,paraphrase,0,high,"Anselm’s assertion that “all things are in you” reflects Colossians 1:17, where Paul says that “by him all things were created, and in him all things hold together; without him nothing was made.”",0.0,False,
Proslogion,21,"AN HOC SIT ""SAECULUM SAECULI"" SIVE ""SAECULA SAECULORUM"".","""saeculum saeculi"" siue ""saecula saeculorum""",1 Timothy,6,15,"quem suis temporibus ostendet beatus et solus potens, Rex regum, et Dominus dominantium:",llm,direct_quote,0,high,Anselm repeats the biblical formula “saeculum saeculorum” (the age of ages) that appears in 1 Tim 6:15 – “qui vivit in saeculo saeculorum”.,0.0164,True,
Proslogion,22,"QUOD SOLUS SIT, QUOD EST ET QUI EST.","Tu solus ergo, domine, es quod es, et tu es qui es.",Exodus,3,14,"Dixit Deus ad Moysen: Ego sum qui sum. Ait: Sic dices filiis Israel: Qui est, misit me ad vos.",llm,direct_quote,0,high,"Anselm’s formula “es quod es, et tu es qui es” mirrors the Vulgate’s “Ego sum qui sum” (Exod. 3,14) used by God in the burning bush.",0.0225,True,
Proslogion,22,"QUOD SOLUS SIT, QUOD EST ET QUI EST.",et uita es,John,14,6,"Dicit ei Jesus: Ego sum via, et veritas, et vita. Nemo venit ad Patrem, nisi per me.",llm,thematic_echo,0,high,"Anselm calls God “vita” (life), echoing Christ’s self‑designation “ego sum via, veritas, et vita” (John 14,6).",0.046,True,
Proslogion,22,"QUOD SOLUS SIT, QUOD EST ET QUI EST.",et lux,John,8,12,"Iterum ergo locutus est eis Jesus, dicens: Ego sum lux mundi: qui sequitur me, non ambulat in tenebris, sed habebit lumen vitae.",llm,thematic_echo,0,high,"The attribute “lux” (light) recalls Jesus’ claim “ego sum lux mundi” (John 8,12).",0.0778,True,
Proslogion,22,"QUOD SOLUS SIT, QUOD EST ET QUI EST.",nec haloes fuisse aut futurum esse sed tantum praesens esse,Malachi,3,6,"Ego enim Dominus, et non mutor: et vos filii Jacob, non estis consumpti.",llm,thematic_echo,0,high,"The claim that God is unchanging and only present mirrors Malachi 3,6 “Ego Dominus, non mutabor”.",0.0238,True,
Proslogion,23,QUOD HOC BONUM SIT PARITER PATER ET FILIUS ET SPIRITUS SANCTUS; ET,"aliud esse potest. ""Porro unum est necessarium"". Porro hoc est",Luke,10,42,"porro unum est necessarium. Maria optimam partem elegit, quae non auferetur ab ea.",ngram,direct_quote,1,,,0.0673,True,
Proslogion,23,QUOD HOC BONUM SIT PARITER PATER ET FILIUS ET SPIRITUS SANCTUS; ET,"Hoc bonum es tu, deus pater; hoc est verbum tuum, id est filius tuus.",John,1,1,"In principio erat Verbum, et Verbum erat apud Deum, et Deus erat Verbum.",llm,paraphrase,0,high,"Anselm re‑states the prologue of John 1:1‑3, identifying the Father as the ultimate good and the Son as the Word (Verbum) of God.",0.0392,True,
Proslogion,23,QUOD HOC BONUM SIT PARITER PATER ET FILIUS ET SPIRITUS SANCTUS; ET,"Hoc ipsum est amor unum et communis tibi et filio tuo, id est sanctus spiritus ab utroque procedens.",John,15,26,"Cum autem venerit Paraclitus, quem ego mittam vobis a Patre, Spiritum veritatis, qui a Patre procedit, ille testimonium perhibebit de me;",llm,thematic_echo,0,high,"Anselm’s description of the Holy Spirit proceeding from both Father and Son mirrors John 15:26, where the Spirit is sent by the Father in the name of the Son.",0.0446,True,
Proslogion,23,QUOD HOC BONUM SIT PARITER PATER ET FILIUS ET SPIRITUS SANCTUS; ET,"Hoc ipsum est amor unum et communis tibi et filio tuo, id est sanctus spiritus ab utroque procedens.",1 John,4,8,"Qui non diligit, non novit Deum: quoniam Deus caritas est.",llm,thematic_echo,0,high,"The formula ‘amor unum’ recalls 1 John 4:8, ‘Deus caritas est’, presenting divine love as a single, shared reality between Father and Son.",0.0288,True,
Proslogion,23,QUOD HOC BONUM SIT PARITER PATER ET FILIUS ET SPIRITUS SANCTUS; ET,"Quod est singulus quisque, hoc est tota trinitas simul, pater et filius et spiritus sanctus",Matthew,28,19,"euntes ergo docete omnes gentes: baptizantes eos in nomine Patris, et Filii, et Spiritus Sancti:",llm,thematic_echo,0,high,Anselm’s identification of the single ‘singulus quisque’ with the whole Trinity echoes the Trinitarian baptismal formula in Matthew 28:19.,0.0275,True,
Proslogion,24,"CONIECTATIO, QUALE ET QUANTUM SIT HOC BONUM.",Si amabilis est sapientia … quae omnia condidit ex nihilo?,Proverbs,8,30,"cum eo eram, cuncta componens. Et delectabar per singulos dies, ludens coram eo omni tempore,",llm,paraphrase,0,high,"The description of wisdom that creates all things from nothing directly paraphrases Proverbs 8:30, where wisdom is present before creation and participates in God’s creative act.",0.0111,True,
Proslogion,25,QUAE ET QUANTA BONA SINT FRUENTIBUS EO.,nec oculus uidit nec auris audiuit nec cor hominis,1 Corinthians,2,9,"Sed sicut scriptum est: Quod oculus non vidit, nec auris audivit, nec in cor hominis ascendit, quae praeparavit Deus iis qui diligunt illum:",ngram+llm,paraphrase,2,high,"Anselm re‑words the Vulgate wording of 1 Cor 2:9 (“quae oculis non viderunt, et aures non audierunt, et non introierunt in cor hominis”).",0.0498,True,
Proslogion,25,QUAE ET QUANTA BONA SINT FRUENTIBUS EO.,"dei. Si ebrietas: ""inebriabuntur ab ubertate domus"" dei. Si melodia:",Psalms,35,9,"Inebriabuntur ab ubertate domus tuae, et torrente voluptatis tuae potabis eos:",ngram,direct_quote,1,,,0.0285,True,
Proslogion,25,QUAE ET QUANTA BONA SINT FRUENTIBUS EO.,"seminatur corpus animale, et surget corpus spirituale",1 Corinthians,15,44,"seminatur corpus animale, surget corpus spiritale. Si est corpus animale, est et spiritale, sicut scriptum est:",llm,paraphrase,0,high,"Close to 1 Cor 15:44: “Seminatur corpus animale, et resurget corpus spirituale”.",0.0252,True,
Proslogion,25,QUAE ET QUANTA BONA SINT FRUENTIBUS EO.,salus iustorum a domino,Psalms,37,39,,llm,direct_quote,0,high,Exact wording of Psalm 37:39 in the Vulgate: “Salus iustorum a Domino”.,0.0,False,
Proslogion,25,QUAE ET QUANTA BONA SINT FRUENTIBUS EO.,filii dei,John,1,12,"Quotquot autem receperunt eum, dedit eis potestatem filios Dei fieri, his qui credunt in nomine ejus:",llm,direct_quote,0,high,Exact phrase from John 1:12 (“et facti sunt filii Dei”).,0.0216,True,
Proslogion,25,QUAE ET QUANTA BONA SINT FRUENTIBUS EO.,"heredes quidem dei, coheredes autem Christi",Romans,8,17,"Si autem filii, et haeredes: haeredes, quidem Dei, cohaeredes autem Christi: si tamen compatimur ut et conglorificemur.",llm,direct_quote,0,high,"Exact wording of Romans 8:17 in the Vulgate: “heredes quidem Dei, coheredes autem Christi”.",0.0282,True,
Proslogion,26,"AN HOC SIT ""GAUDIUM PLENUM"", QUOD PROMITTIT DOMINUS.","nec oculus uidit, nec auris audiuit, nec in cor hominis ascendit",1 Corinthians,2,9,"Sed sicut scriptum est: Quod oculus non vidit, nec auris audivit, nec in cor hominis ascendit, quae praeparavit Deus iis qui diligunt illum:",ngram+llm,direct_quote,12,high,"A near‑verbatim quotation of the Vulgate wording of 1 Cor 2:9: “Nihil oculis vidit, nec auribus audivit, nec in corde hominis ascendit”.",0.0909,True,
Proslogion,26,"AN HOC SIT ""GAUDIUM PLENUM"", QUOD PROMITTIT DOMINUS.","per filium tuum: Petite et accipietis, ut gaudium uestrum sit plenum. Inueni namque gaudium",John,16,24,"Usque modo non petistis quidquam in nomine meo: petite, et accipietis, ut gaudium vestrum sit plenum.",ngram,direct_quote,5,,,0.0675,True,
Proslogion,26,"AN HOC SIT ""GAUDIUM PLENUM"", QUOD PROMITTIT DOMINUS.","Deus meus et dominus meus, spes mea et",Psalms,34,23,"Exsurge et intende judicio meo, Deus meus; et Dominus meus, in causam meam.",ngram,direct_quote,2,,,0.0305,True,
Proslogion,26,"AN HOC SIT ""GAUDIUM PLENUM"", QUOD PROMITTIT DOMINUS.","trinus et unus deus ""benedictus in saecula. Amen"".",Romans,9,5,"quorum patres, et ex quibus est Christus secundum carnem, qui est super omnia Deus benedictus in saecula. Amen.",ngram,direct_quote,2,,,0.0479,True,
Proslogion,26,"AN HOC SIT ""GAUDIUM PLENUM"", QUOD PROMITTIT DOMINUS.","et accipietis, ut gaudium uestrum sit plenum. Inueni namque gaudium",1 John,1,4,"Et haec scribimus vobis ut gaudeatis, et gaudium vestrum sit plenum.",ngram,direct_quote,1,,,0.037,True,
Proslogion,26,"AN HOC SIT ""GAUDIUM PLENUM"", QUOD PROMITTIT DOMINUS.","et unus deus ""benedictus in saecula. Amen"".",Romans,1,25,"qui commutaverunt veritatem Dei in mendacium: et coluerunt, et servierunt creaturae potius quam Creatori, qui est benedictus in saecula. Amen.",ngram,direct_quote,1,,,0.0542,True,
Proslogion,26,"AN HOC SIT ""GAUDIUM PLENUM"", QUOD PROMITTIT DOMINUS.","Petite et accipietis, ut gaudium uestrum sit plenum.",Matthew,7,7,"Petite, et dabitur vobis: quaerite, et invenietis: pulsate, et aperietur vobis.",llm,paraphrase,0,high,"Echoes the promise of the Gospel of Matthew 7:7, where Jesus says “Petite, et dabitur vobis…”, here rendered as “Petite et accipietis”.",0.0122,True,
Pro_insipiente,2,Section 2,"non eo modo posse cogitari non esse, quo etiam potest non esse deus.",Psalms,14,1,"Psalmus David. [Domine, quis habitabit in tabernaculo tuo? aut quis requiescet in monte sancto tuo?",llm,thematic_echo,0,high,"Anselm’s claim that something can be thought not to exist in the same way that God can be thought not to exist echoes Psalm 14:1 (and its parallel Psalm 53:1) where the fool says, “There is no God.” The passage uses the same logical contrast between the possibility of conceiving non‑existence and the denial of God’s existence.",0.0131,True,
Pro_insipiente,3,Section 3,Quocirca etiam si uerum sit esse aliquid quo maius quicquam nequeat cogitari: non tamen hoc auditum et intellectum tale est qualis nondum: facta pictura in intellectu pictoris.,Romans,1,20,"Invisibilia enim ipsius, a creatura mundi, per ea quae facta sunt, intellecta, conspiciuntur: sempiterna quoque ejus virtus, et divinitas: ita ut sint inexcusabiles.",llm,thematic_echo,0,high,"The passage that the “true thing” is apprehended by the intellect, though not yet manifested, parallels Romans 1:20, which states that the invisible qualities of God are clearly seen and understood through the created world.",0.056,True,
Pro_insipiente,4,Section 4,quod nihil aliud posse esse dicitur quam ipse deus,Deuteronomy,4,35,"ut scires quoniam Dominus ipse est Deus, et non est alius praeter eum.",llm,thematic_echo,0,high,"Anselm’s claim that nothing can be said to exist except God echoes Deut 4,35 “Tu es Deus, et non est alius” (You are God, there is no other).",0.0324,True,
Pro_insipiente,4,Section 4,cum audio intelligoque dicentem esse aliquid maius omnibus quae ualeant cogitari,Romans,11,33,"O altitudo divitiarum sapientiae, et scientiae Dei: quam incomprehensibilia sunt judicia ejus, et investigabiles viae ejus!",llm,thematic_echo,0,high,"Anselm’s meditation on a being “greater than all that can be thought” parallels Romans 11,33 which praises the “depths of the riches of the wisdom and knowledge of God,” a wisdom beyond human thought.",0.0105,True,
Pro_insipiente,7,Section 7,insipiens ille responderit,Psalms,14,1,"Psalmus David. [Domine, quis habitabit in tabernaculo tuo? aut quis requiescet in monte sancto tuo?",llm,thematic_echo,0,high,"Anselm’s use of the adjective *insipiens* to describe the foolish opponent echoes Psalm 14:1 (and its parallel Psalm 53:1) where the psalmist says, “Dixit insipiens in corde suo: non est Deus.” The passage alludes to the biblical motif of the foolish man who denies God.",0.0139,True,
Pro_insipiente,8,Section 8,intimo quodam odore fragrantia,2 Corinthians,2,15,"quia Christi bonus odor sumus Deo in iis qui salvi fiunt, et in his qui pereunt:",llm,thematic_echo,0,high,"Anselm’s image of a “fragrant odor” of pious affection echoes the biblical metaphor of believers being the “odor of Christ” (2 Cor 2:15, Vulgate), where fragrance signifies the pleasant, holy influence of the faithful.",0.0323,True,
Responsio,1,Section 1,non est in intellectu aliquid quo maius cogitari non possit,Psalms,145,3,"in filiis hominum, in quibus non est salus.",llm,thematic_echo,0,high,"Anselm’s claim that nothing greater can be thought mirrors Psalm 145:3 – “Great is the LORD, and greatly to be praised; his greatness cannot be measured,” expressing the same theological idea of an incomparably great God.",0.0215,True,
Responsio,3,Section 3,non potest cogitari non esse 'quo maior nequit cogitari',Psalmus,145,3,,llm,thematic_echo,0,high,"Echoes Psalm 145:3 (Vulgate) “Maiorem quam ipse non est”, i.e., nothing greater than God can be thought; Anselm’s phrase “quo maior nequit cogitari” mirrors this claim of an unsurpassable greatness.",0.0,False,
Responsio,7,Section 7,"negat deum, cuius sensum nullo modo cogitat",Psalms,14,1,"Psalmus David. [Domine, quis habitabit in tabernaculo tuo? aut quis requiescet in monte sancto tuo?",llm,thematic_echo,0,high,"Anselm’s description of someone who “denies God, whose sense cannot be thought of at all” echoes Psalm 14:1 (and its parallel Psalm 53:1) where the fool says, “There is no God.” The passage parallels the biblical motif of the fool’s denial of God.",0.0204,True,
Responsio,8,Section 8,"invisibilia dei a creatura mundi per ea, quae facta sunt, intellecta conspicuntur, sempiterna quoque eius uirtus et diuinitas",Romans,1,20,"Invisibilia enim ipsius, a creatura mundi, per ea quae facta sunt, intellecta, conspiciuntur: sempiterna quoque ejus virtus, et divinitas: ita ut sint inexcusabiles.",ngram+llm,direct_quote,9,high,"Anselm reproduces verbatim the Vulgate wording of Romans 1:20, differing only in the u/v orthography (uirtus vs virtus).",0.108,True,
